{
  "playlists": [
    {
      "name": "Instrumental",
      "lastModifiedDate": "2018-12-23",
      "tracks": [
        {
          "trackName": "Downpour",
          "artistName": "Omar Akram",
          "note": null
        },
        {
          "trackName": "Dancing with the Wind",
          "artistName": "Omar Akram",
          "note": null
        },
        {
          "trackName": "Searching",
          "artistName": "Omar Akram",
          "note": null
        },
        {
          "trackName": "Surrender",
          "artistName": "Omar Akram",
          "note": null
        },
        {
          "trackName": "Passage Into Midnight",
          "artistName": "Omar Akram",
          "note": null
        },
        {
          "trackName": "Daytime Dreamer",
          "artistName": "Omar Akram",
          "note": null
        },
        {
          "trackName": "Love of My Heart",
          "artistName": "Omar Akram",
          "note": null
        },
        {
          "trackName": "The Promise",
          "artistName": "Omar Akram",
          "note": null
        },
        {
          "trackName": "Morning Rain",
          "artistName": "Omar Akram",
          "note": null
        },
        {
          "trackName": "Last Dance",
          "artistName": "Omar Akram",
          "note": null
        },
        {
          "trackName": "My Desire",
          "artistName": "Omar Akram",
          "note": null
        },
        {
          "trackName": "Pachelbel's Canon in D",
          "artistName": "Danny Wright",
          "note": null
        }
      ],
      "description": null,
      "numberOfFollowers": 0
    },
    {
      "name": "Dance-Eletronic",
      "lastModifiedDate": "2018-12-23",
      "tracks": [
        {
          "trackName": "Dogma",
          "artistName": "Objekt",
          "note": null
        },
        {
          "trackName": "Love Teacher",
          "artistName": "Various Artists",
          "note": null
        },
        {
          "trackName": "The Mood I'm In (Gameboyz Remix)",
          "artistName": "Various Artists",
          "note": null
        }
      ],
      "description": null,
      "numberOfFollowers": 0
    },
    {
      "name": "Read-Eletronic",
      "lastModifiedDate": "2018-12-23",
      "tracks": [
        {
          "trackName": "Heliosphan",
          "artistName": "Aphex Twin",
          "note": null
        },
        {
          "trackName": "Nuits Sonores",
          "artistName": "Floating Points",
          "note": null
        },
        {
          "trackName": "Roman Twilight",
          "artistName": "Brian Eno",
          "note": null
        },
        {
          "trackName": "The Rest Is Noise",
          "artistName": "Jamie xx",
          "note": null
        },
        {
          "trackName": "German",
          "artistName": "Jega",
          "note": null
        },
        {
          "trackName": "Reach For The Dead",
          "artistName": "Boards of Canada",
          "note": null
        }
      ],
      "description": null,
      "numberOfFollowers": 0
    },
    {
      "name": "Minhas 10 Musicas",
      "lastModifiedDate": "2018-09-21",
      "tracks": [
        {
          "trackName": "Acrilic On Canvas",
          "artistName": "Legião Urbana",
          "note": null
        },
        {
          "trackName": "To Rid the Disease",
          "artistName": "Opeth",
          "note": null
        },
        {
          "trackName": "Closure",
          "artistName": "Opeth",
          "note": null
        },
        {
          "trackName": "Everyday Is Like Sunday - 2010 Remastered Version",
          "artistName": "Morrissey",
          "note": null
        },
        {
          "trackName": "Because - Remastered",
          "artistName": "The Beatles",
          "note": null
        },
        {
          "trackName": "Michelle - Remastered",
          "artistName": "The Beatles",
          "note": null
        },
        {
          "trackName": "2012",
          "artistName": "Therion",
          "note": null
        },
        {
          "trackName": "Face In The Snow",
          "artistName": "Opeth",
          "note": null
        },
        {
          "trackName": "Um Dia Perfeito",
          "artistName": "Legião Urbana",
          "note": null
        },
        {
          "trackName": "Unloveable - 2011 Remastered Version",
          "artistName": "The Smiths",
          "note": null
        }
      ],
      "description": null,
      "numberOfFollowers": 2
    },
    {
      "name": "Maybe",
      "lastModifiedDate": "2018-09-21",
      "tracks": [
        {
          "trackName": "Brill Bruisers",
          "artistName": "The New Pornographers",
          "note": null
        },
        {
          "trackName": "Shout At The Devil",
          "artistName": "Mötley Crüe",
          "note": null
        },
        {
          "trackName": "Breaking the Law",
          "artistName": "Judas Priest",
          "note": null
        },
        {
          "trackName": "Don't Tread On Me",
          "artistName": "Metallica",
          "note": null
        },
        {
          "trackName": "Davidian",
          "artistName": "Machine Head",
          "note": null
        },
        {
          "trackName": "Pour Some Sugar On Me (2012)",
          "artistName": "Def Leppard",
          "note": null
        },
        {
          "trackName": "SECULAR HAZE",
          "artistName": "Ghost",
          "note": null
        },
        {
          "trackName": "Dragula",
          "artistName": "Rob Zombie",
          "note": null
        },
        {
          "trackName": "Angry Again",
          "artistName": "Megadeth",
          "note": null
        },
        {
          "trackName": "Judith",
          "artistName": "A Perfect Circle",
          "note": null
        },
        {
          "trackName": "Peace Sells - 2011 Remastered",
          "artistName": "Megadeth",
          "note": null
        },
        {
          "trackName": "Ride The Lightning",
          "artistName": "Metallica",
          "note": null
        },
        {
          "trackName": "Lift Me Up (feat. Rob Halford of Judas Priest)",
          "artistName": "Five Finger Death Punch",
          "note": null
        },
        {
          "trackName": "Losing My Religion",
          "artistName": "R.E.M.",
          "note": null
        },
        {
          "trackName": "Crucify",
          "artistName": "Tori Amos",
          "note": null
        }
      ],
      "description": null,
      "numberOfFollowers": 0
    }
  ]
}