[
  {
    "date" : "2019-01-11",
    "platform" : "ANDROID",
    "country" : "BR",
    "terminationReason" : "LEAVE",
    "msDuration" : 0,
    "typedQuery" : null,
    "selectedQuery" : null,
    "userIntent" : "nav-back-up-toolbar-button",
    "viewUri" : "spotify:search:avayar"
  },
  {
    "date" : "2019-01-12",
    "platform" : "ANDROID",
    "country" : "BR",
    "terminationReason" : "LEAVE",
    "msDuration" : 0,
    "typedQuery" : null,
    "selectedQuery" : null,
    "userIntent" : "nav-back-hardware-back-button",
    "viewUri" : "spotify:search"
  },
  {
    "date" : "2019-01-12",
    "platform" : "ANDROID",
    "country" : "BR",
    "terminationReason" : "INTERACTION",
    "msDuration" : 0,
    "typedQuery" : null,
    "selectedQuery" : "vento no",
    "userIntent" : "context-menu",
    "viewUri" : "spotify:search:vento%20no"
  },
  {
    "date" : "2019-01-12",
    "platform" : "ANDROID",
    "country" : "BR",
    "terminationReason" : "INTERACTION",
    "msDuration" : 2698,
    "typedQuery" : "there",
    "selectedQuery" : "there",
    "userIntent" : "play",
    "viewUri" : "spotify:search:there"
  },
  {
    "date" : "2019-01-12",
    "platform" : "ANDROID",
    "country" : "BR",
    "terminationReason" : "LEAVE",
    "msDuration" : 0,
    "typedQuery" : null,
    "selectedQuery" : null,
    "userIntent" : "nav-back-hardware-back-button",
    "viewUri" : "spotify:search"
  },
  {
    "date" : "2019-01-12",
    "platform" : "ANDROID",
    "country" : "BR",
    "terminationReason" : "INTERACTION",
    "msDuration" : 12853,
    "typedQuery" : "lana del rey hope",
    "selectedQuery" : "lana del rey hope",
    "userIntent" : "context-menu",
    "viewUri" : "spotify:search:lana%20del%20rey%20hope"
  },
  {
    "date" : "2019-01-12",
    "platform" : "ANDROID",
    "country" : "BR",
    "terminationReason" : "LEAVE",
    "msDuration" : 0,
    "typedQuery" : null,
    "selectedQuery" : null,
    "userIntent" : "nav-back-hardware-back-button",
    "viewUri" : "spotify:search"
  },
  {
    "date" : "2019-01-12",
    "platform" : "ANDROID",
    "country" : "BR",
    "terminationReason" : "LEAVE",
    "msDuration" : 385449,
    "typedQuery" : "i run away",
    "selectedQuery" : null,
    "userIntent" : "nav-back-up-toolbar-button",
    "viewUri" : "spotify:search:i%20run%20away"
  },
  {
    "date" : "2019-01-12",
    "platform" : "ANDROID",
    "country" : "BR",
    "terminationReason" : "INTERACTION",
    "msDuration" : 5929,
    "typedQuery" : "dezesseis",
    "selectedQuery" : "dezesseis",
    "userIntent" : "context-menu",
    "viewUri" : "spotify:search:dezesseis"
  },
  {
    "date" : "2019-01-12",
    "platform" : "ANDROID",
    "country" : "BR",
    "terminationReason" : "INTERACTION",
    "msDuration" : 4212,
    "typedQuery" : "perfeic",
    "selectedQuery" : "perfeic",
    "userIntent" : "context-menu",
    "viewUri" : "spotify:search:perfeic"
  },
  {
    "date" : "2019-01-12",
    "platform" : "ANDROID",
    "country" : "BR",
    "terminationReason" : "LEAVE",
    "msDuration" : 0,
    "typedQuery" : null,
    "selectedQuery" : null,
    "userIntent" : "nav-back-hardware-back-button",
    "viewUri" : "spotify:search"
  },
  {
    "date" : "2019-01-12",
    "platform" : "ANDROID",
    "country" : "BR",
    "terminationReason" : "INTERACTION",
    "msDuration" : 0,
    "typedQuery" : null,
    "selectedQuery" : "geração ",
    "userIntent" : "context-menu",
    "viewUri" : "spotify:search:gera%C3%A7%C3%A3o%20"
  },
  {
    "date" : "2019-01-12",
    "platform" : "ANDROID",
    "country" : "BR",
    "terminationReason" : "INTERACTION",
    "msDuration" : 3444,
    "typedQuery" : "perfeicai",
    "selectedQuery" : "perfeicai",
    "userIntent" : "play",
    "viewUri" : "spotify:search:perfeicai"
  },
  {
    "date" : "2019-01-12",
    "platform" : "ANDROID",
    "country" : "BR",
    "terminationReason" : "INTERACTION",
    "msDuration" : 5956,
    "typedQuery" : "ruby",
    "selectedQuery" : "ruby",
    "userIntent" : "context-menu",
    "viewUri" : "spotify:search:ruby"
  },
  {
    "date" : "2019-01-12",
    "platform" : "ANDROID",
    "country" : "BR",
    "terminationReason" : "LEAVE",
    "msDuration" : 0,
    "typedQuery" : null,
    "selectedQuery" : null,
    "userIntent" : "nav-back-hardware-back-button",
    "viewUri" : "spotify:search"
  },
  {
    "date" : "2019-01-12",
    "platform" : "ANDROID",
    "country" : "BR",
    "terminationReason" : "LEAVE",
    "msDuration" : 0,
    "typedQuery" : null,
    "selectedQuery" : null,
    "userIntent" : "nav-back-hardware-back-button",
    "viewUri" : "spotify:search"
  },
  {
    "date" : "2019-01-12",
    "platform" : "ANDROID",
    "country" : "BR",
    "terminationReason" : "LEAVE",
    "msDuration" : 0,
    "typedQuery" : null,
    "selectedQuery" : null,
    "userIntent" : "nav-back-hardware-back-button",
    "viewUri" : "spotify:search"
  },
  {
    "date" : "2019-01-12",
    "platform" : "ANDROID",
    "country" : "BR",
    "terminationReason" : "INTERACTION",
    "msDuration" : 15101,
    "typedQuery" : "pais e filhos ",
    "selectedQuery" : "pais e filhos ",
    "userIntent" : "context-menu",
    "viewUri" : "spotify:search:pais%20e%20filhos%20"
  },
  {
    "date" : "2019-01-12",
    "platform" : "ANDROID",
    "country" : "BR",
    "terminationReason" : "LEAVE",
    "msDuration" : 0,
    "typedQuery" : null,
    "selectedQuery" : null,
    "userIntent" : "nav-back-hardware-back-button",
    "viewUri" : "spotify:search"
  },
  {
    "date" : "2019-01-12",
    "platform" : "ANDROID",
    "country" : "BR",
    "terminationReason" : "INTERACTION",
    "msDuration" : 4321,
    "typedQuery" : "vento no",
    "selectedQuery" : "vento no",
    "userIntent" : "context-menu",
    "viewUri" : "spotify:search:vento%20no"
  },
  {
    "date" : "2019-01-12",
    "platform" : "ANDROID",
    "country" : "BR",
    "terminationReason" : "INTERACTION",
    "msDuration" : 2575,
    "typedQuery" : "eduardo e",
    "selectedQuery" : "eduardo e",
    "userIntent" : "context-menu",
    "viewUri" : "spotify:search:eduardo%20e"
  },
  {
    "date" : "2019-01-12",
    "platform" : "ANDROID",
    "country" : "BR",
    "terminationReason" : "INTERACTION",
    "msDuration" : 3110,
    "typedQuery" : "antes d",
    "selectedQuery" : "antes d",
    "userIntent" : "context-menu",
    "viewUri" : "spotify:search:antes%20d"
  },
  {
    "date" : "2019-01-12",
    "platform" : "ANDROID",
    "country" : "BR",
    "terminationReason" : "INTERACTION",
    "msDuration" : 4194,
    "typedQuery" : "que país ",
    "selectedQuery" : "que país ",
    "userIntent" : "context-menu",
    "viewUri" : "spotify:search:que%20pa%C3%ADs%20"
  },
  {
    "date" : "2019-01-12",
    "platform" : "ANDROID",
    "country" : "BR",
    "terminationReason" : "INTERACTION",
    "msDuration" : 6583,
    "typedQuery" : "ainda é cedo",
    "selectedQuery" : "ainda é cedo",
    "userIntent" : "context-menu",
    "viewUri" : "spotify:search:ainda%20%C3%A9%20cedo"
  },
  {
    "date" : "2019-01-12",
    "platform" : "ANDROID",
    "country" : "BR",
    "terminationReason" : "LEAVE",
    "msDuration" : 0,
    "typedQuery" : null,
    "selectedQuery" : null,
    "userIntent" : "nav-back-hardware-back-button",
    "viewUri" : "spotify:search"
  },
  {
    "date" : "2019-01-12",
    "platform" : "ANDROID",
    "country" : "BR",
    "terminationReason" : "LEAVE",
    "msDuration" : 0,
    "typedQuery" : null,
    "selectedQuery" : null,
    "userIntent" : "nav-back-hardware-back-button",
    "viewUri" : "spotify:search"
  },
  {
    "date" : "2019-01-12",
    "platform" : "ANDROID",
    "country" : "BR",
    "terminationReason" : "LEAVE",
    "msDuration" : 0,
    "typedQuery" : null,
    "selectedQuery" : null,
    "userIntent" : "nav-back-hardware-back-button",
    "viewUri" : "spotify:search"
  },
  {
    "date" : "2019-01-12",
    "platform" : "ANDROID",
    "country" : "BR",
    "terminationReason" : "INTERACTION",
    "msDuration" : 0,
    "typedQuery" : null,
    "selectedQuery" : "geração ",
    "userIntent" : "context-menu",
    "viewUri" : "spotify:search:gera%C3%A7%C3%A3o%20"
  },
  {
    "date" : "2019-01-12",
    "platform" : "ANDROID",
    "country" : "BR",
    "terminationReason" : "LEAVE",
    "msDuration" : 0,
    "typedQuery" : null,
    "selectedQuery" : null,
    "userIntent" : "nav-back-hardware-back-button",
    "viewUri" : "spotify:search"
  },
  {
    "date" : "2019-01-12",
    "platform" : "ANDROID",
    "country" : "BR",
    "terminationReason" : "INTERACTION",
    "msDuration" : 5289,
    "typedQuery" : "indios",
    "selectedQuery" : "indios",
    "userIntent" : "context-menu",
    "viewUri" : "spotify:search:indios"
  },
  {
    "date" : "2019-01-12",
    "platform" : "ANDROID",
    "country" : "BR",
    "terminationReason" : "INTERACTION",
    "msDuration" : 4341,
    "typedQuery" : "the boy",
    "selectedQuery" : "the boy",
    "userIntent" : "context-menu",
    "viewUri" : "spotify:search:the%20boy"
  },
  {
    "date" : "2019-01-12",
    "platform" : "ANDROID",
    "country" : "BR",
    "terminationReason" : "INTERACTION",
    "msDuration" : 3677,
    "typedQuery" : "sera",
    "selectedQuery" : "sera",
    "userIntent" : "context-menu",
    "viewUri" : "spotify:search:sera"
  },
  {
    "date" : "2019-01-12",
    "platform" : "ANDROID",
    "country" : "BR",
    "terminationReason" : "LEAVE",
    "msDuration" : 0,
    "typedQuery" : null,
    "selectedQuery" : null,
    "userIntent" : "nav-back-hardware-back-button",
    "viewUri" : "spotify:search"
  },
  {
    "date" : "2019-01-12",
    "platform" : "ANDROID",
    "country" : "BR",
    "terminationReason" : "INTERACTION",
    "msDuration" : 0,
    "typedQuery" : null,
    "selectedQuery" : "lana del rey hope",
    "userIntent" : "context-menu",
    "viewUri" : "spotify:search:lana%20del%20rey%20hope"
  },
  {
    "date" : "2019-01-12",
    "platform" : "ANDROID",
    "country" : "BR",
    "terminationReason" : "INTERACTION",
    "msDuration" : 2109,
    "typedQuery" : "giz",
    "selectedQuery" : "giz",
    "userIntent" : "context-menu",
    "viewUri" : "spotify:search:giz"
  },
  {
    "date" : "2019-01-12",
    "platform" : "ANDROID",
    "country" : "BR",
    "terminationReason" : "INTERACTION",
    "msDuration" : 7864,
    "typedQuery" : "i won't ",
    "selectedQuery" : "i won't ",
    "userIntent" : "context-menu",
    "viewUri" : "spotify:search:i%20won't%20"
  },
  {
    "date" : "2019-01-12",
    "platform" : "ANDROID",
    "country" : "BR",
    "terminationReason" : "INTERACTION",
    "msDuration" : 9555,
    "typedQuery" : "tempo perdido",
    "selectedQuery" : "tempo perdido",
    "userIntent" : "context-menu",
    "viewUri" : "spotify:search:tempo%20perdido"
  },
  {
    "date" : "2019-01-12",
    "platform" : "ANDROID",
    "country" : "BR",
    "terminationReason" : "LEAVE",
    "msDuration" : 0,
    "typedQuery" : null,
    "selectedQuery" : null,
    "userIntent" : "nav-back-hardware-back-button",
    "viewUri" : "spotify:search"
  },
  {
    "date" : "2019-01-12",
    "platform" : "ANDROID",
    "country" : "BR",
    "terminationReason" : "INTERACTION",
    "msDuration" : 3096,
    "typedQuery" : "geração ",
    "selectedQuery" : "geração ",
    "userIntent" : "context-menu",
    "viewUri" : "spotify:search:gera%C3%A7%C3%A3o%20"
  },
  {
    "date" : "2019-01-12",
    "platform" : "ANDROID",
    "country" : "BR",
    "terminationReason" : "INTERACTION",
    "msDuration" : 14275,
    "typedQuery" : "beutigul p",
    "selectedQuery" : "beutigul p",
    "userIntent" : "play",
    "viewUri" : "spotify:search:beutigul%20p"
  },
  {
    "date" : "2019-01-12",
    "platform" : "ANDROID",
    "country" : "BR",
    "terminationReason" : "INTERACTION",
    "msDuration" : 6665,
    "typedQuery" : "há tempos",
    "selectedQuery" : "há tempos",
    "userIntent" : "context-menu",
    "viewUri" : "spotify:search:h%C3%A1%20tempos"
  },
  {
    "date" : "2019-01-12",
    "platform" : "ANDROID",
    "country" : "BR",
    "terminationReason" : "LEAVE",
    "msDuration" : 0,
    "typedQuery" : null,
    "selectedQuery" : null,
    "userIntent" : "nav-back-hardware-back-button",
    "viewUri" : "spotify:search"
  },
  {
    "date" : "2019-01-13",
    "platform" : "ANDROID",
    "country" : "BR",
    "terminationReason" : "INTERACTION",
    "msDuration" : 5433,
    "typedQuery" : "a flock of seagu",
    "selectedQuery" : "a flock of seagu",
    "userIntent" : "navigate-forward",
    "viewUri" : "spotify:search:a%20flock%20of%20seagu"
  },
  {
    "date" : "2019-01-13",
    "platform" : "ANDROID",
    "country" : "BR",
    "terminationReason" : "INTERACTION",
    "msDuration" : 0,
    "typedQuery" : null,
    "selectedQuery" : "used to love",
    "userIntent" : "context-menu",
    "viewUri" : "spotify:search:used%20to%20love"
  },
  {
    "date" : "2019-01-13",
    "platform" : "ANDROID",
    "country" : "BR",
    "terminationReason" : "INTERACTION",
    "msDuration" : 42694,
    "typedQuery" : "used to love",
    "selectedQuery" : "used to love",
    "userIntent" : "play",
    "viewUri" : "spotify:search:used%20to%20love"
  },
  {
    "date" : "2019-01-13",
    "platform" : "ANDROID",
    "country" : "BR",
    "terminationReason" : "INTERACTION",
    "msDuration" : 17621,
    "typedQuery" : "i want be adored",
    "selectedQuery" : "i want be adored",
    "userIntent" : "play",
    "viewUri" : "spotify:search:i%20want%20be%20adored"
  },
  {
    "date" : "2019-01-13",
    "platform" : "ANDROID",
    "country" : "BR",
    "terminationReason" : "INTERACTION",
    "msDuration" : 2751,
    "typedQuery" : "Nirvana the man sold the world",
    "selectedQuery" : "Nirvana the man sold the world",
    "userIntent" : "context-menu",
    "viewUri" : "spotify:search:Nirvana%20the%20man%20sold%20the%20world"
  },
  {
    "date" : "2019-01-13",
    "platform" : "ANDROID",
    "country" : "BR",
    "terminationReason" : "INTERACTION",
    "msDuration" : 0,
    "typedQuery" : null,
    "selectedQuery" : null,
    "userIntent" : "navigate-forward",
    "viewUri" : "spotify:search"
  },
  {
    "date" : "2019-01-13",
    "platform" : "ANDROID",
    "country" : "BR",
    "terminationReason" : "INTERACTION",
    "msDuration" : 0,
    "typedQuery" : null,
    "selectedQuery" : "Nirvana the man sold the world",
    "userIntent" : "context-menu",
    "viewUri" : "spotify:search:Nirvana%20the%20man%20sold%20the%20world"
  },
  {
    "date" : "2019-01-13",
    "platform" : "ANDROID",
    "country" : "BR",
    "terminationReason" : "INTERACTION",
    "msDuration" : 8328,
    "typedQuery" : "Ralf self control",
    "selectedQuery" : "Ralf self control",
    "userIntent" : "navigate-forward",
    "viewUri" : "spotify:search:Ralf%20self%20control"
  },
  {
    "date" : "2019-01-13",
    "platform" : "ANDROID",
    "country" : "BR",
    "terminationReason" : "INTERACTION",
    "msDuration" : 3841,
    "typedQuery" : "the stones",
    "selectedQuery" : "the stones",
    "userIntent" : "navigate-forward",
    "viewUri" : "spotify:search:the%20stones"
  },
  {
    "date" : "2019-01-13",
    "platform" : "ANDROID",
    "country" : "BR",
    "terminationReason" : "INTERACTION",
    "msDuration" : 1400,
    "typedQuery" : "Nirvana the man sold the world",
    "selectedQuery" : "Nirvana the man sold the world",
    "userIntent" : "play",
    "viewUri" : "spotify:search:Nirvana%20the%20man%20sold%20the%20world"
  },
  {
    "date" : "2019-01-18",
    "platform" : "ANDROID",
    "country" : "BR",
    "terminationReason" : "INTERACTION",
    "msDuration" : 2336,
    "typedQuery" : "Phil collins another day in paradise",
    "selectedQuery" : "Phil collins another day in paradise",
    "userIntent" : "context-menu",
    "viewUri" : "spotify:search:Phil%20collins%20another%20day%20in%20paradise"
  },
  {
    "date" : "2019-01-18",
    "platform" : "ANDROID",
    "country" : "BR",
    "terminationReason" : "INTERACTION",
    "msDuration" : 4349,
    "typedQuery" : "Rem losing my religion",
    "selectedQuery" : "Rem losing my religion",
    "userIntent" : "context-menu",
    "viewUri" : "spotify:search:Rem%20losing%20my%20religion"
  },
  {
    "date" : "2019-01-18",
    "platform" : "ANDROID",
    "country" : "BR",
    "terminationReason" : "LEAVE",
    "msDuration" : 0,
    "typedQuery" : null,
    "selectedQuery" : null,
    "userIntent" : "nav-back-hardware-back-button",
    "viewUri" : "spotify:search"
  },
  {
    "date" : "2019-01-18",
    "platform" : "ANDROID",
    "country" : "BR",
    "terminationReason" : "INTERACTION",
    "msDuration" : 0,
    "typedQuery" : null,
    "selectedQuery" : "Engenheiros do hawaii infinita highway",
    "userIntent" : "context-menu",
    "viewUri" : "spotify:search:Engenheiros%20do%20hawaii%20infinita%20highway"
  },
  {
    "date" : "2019-01-18",
    "platform" : "ANDROID",
    "country" : "BR",
    "terminationReason" : "INTERACTION",
    "msDuration" : 17889,
    "typedQuery" : "guns and roses you ",
    "selectedQuery" : "guns and roses you ",
    "userIntent" : "context-menu",
    "viewUri" : "spotify:search:guns%20and%20roses%20you%20"
  },
  {
    "date" : "2019-01-18",
    "platform" : "ANDROID",
    "country" : "BR",
    "terminationReason" : "LEAVE",
    "msDuration" : 0,
    "typedQuery" : null,
    "selectedQuery" : null,
    "userIntent" : "nav-back-hardware-back-button",
    "viewUri" : "spotify:search"
  },
  {
    "date" : "2019-01-18",
    "platform" : "ANDROID",
    "country" : "BR",
    "terminationReason" : "INTERACTION",
    "msDuration" : 6364,
    "typedQuery" : "Engenheiros do hawaii infinita highway",
    "selectedQuery" : "Engenheiros do hawaii infinita highway",
    "userIntent" : "context-menu",
    "viewUri" : "spotify:search:Engenheiros%20do%20hawaii%20infinita%20highway"
  },
  {
    "date" : "2019-01-19",
    "platform" : "DESKTOP",
    "country" : "BR",
    "terminationReason" : "INTERACTION",
    "msDuration" : 0,
    "typedQuery" : null,
    "selectedQuery" : "rihanna man down",
    "userIntent" : "play",
    "viewUri" : "spotify:search:rihanna man down"
  },
  {
    "date" : "2019-01-19",
    "platform" : "ANDROID",
    "country" : "BR",
    "terminationReason" : "INTERACTION",
    "msDuration" : 6787,
    "typedQuery" : "radiohead creep",
    "selectedQuery" : "radiohead creep",
    "userIntent" : "context-menu",
    "viewUri" : "spotify:search:radiohead%20creep"
  },
  {
    "date" : "2019-01-22",
    "platform" : "ANDROID",
    "country" : "BR",
    "terminationReason" : "INTERACTION",
    "msDuration" : 10375,
    "typedQuery" : "akon sma",
    "selectedQuery" : "akon sma",
    "userIntent" : "context-menu",
    "viewUri" : "spotify:search:akon%20sma"
  },
  {
    "date" : "2019-01-22",
    "platform" : "ANDROID",
    "country" : "BR",
    "terminationReason" : "LEAVE",
    "msDuration" : 0,
    "typedQuery" : null,
    "selectedQuery" : null,
    "userIntent" : "nav-back-hardware-back-button",
    "viewUri" : "spotify:search"
  },
  {
    "date" : "2019-01-23",
    "platform" : "ANDROID",
    "country" : "BR",
    "terminationReason" : "INTERACTION",
    "msDuration" : 7314,
    "typedQuery" : "tame impala let",
    "selectedQuery" : "tame impala let",
    "userIntent" : "context-menu",
    "viewUri" : "spotify:search:tame%20impala%20let"
  },
  {
    "date" : "2019-01-23",
    "platform" : "ANDROID",
    "country" : "BR",
    "terminationReason" : "INTERACTION",
    "msDuration" : 14772,
    "typedQuery" : "arcade fire after",
    "selectedQuery" : "arcade fire after",
    "userIntent" : "context-menu",
    "viewUri" : "spotify:search:arcade%20fire%20after"
  },
  {
    "date" : "2019-01-24",
    "platform" : "DESKTOP",
    "country" : "BR",
    "terminationReason" : "INTERACTION",
    "msDuration" : 0,
    "typedQuery" : null,
    "selectedQuery" : "last night",
    "userIntent" : "context-menu",
    "viewUri" : "spotify:search:last night"
  },
  {
    "date" : "2019-01-24",
    "platform" : "ANDROID",
    "country" : "BR",
    "terminationReason" : "LEAVE",
    "msDuration" : 0,
    "typedQuery" : null,
    "selectedQuery" : null,
    "userIntent" : "nav-back-up-toolbar-button",
    "viewUri" : "spotify:search:needl"
  },
  {
    "date" : "2019-01-25",
    "platform" : "DESKTOP",
    "country" : "BR",
    "terminationReason" : "INTERACTION",
    "msDuration" : 0,
    "typedQuery" : null,
    "selectedQuery" : "this night has open my eyes",
    "userIntent" : "context-menu",
    "viewUri" : "spotify:search:this night has open my eyes"
  },
  {
    "date" : "2019-01-25",
    "platform" : "DESKTOP",
    "country" : "BR",
    "terminationReason" : "INTERACTION",
    "msDuration" : 0,
    "typedQuery" : null,
    "selectedQuery" : "Mad World Gary Jules",
    "userIntent" : "context-menu",
    "viewUri" : "spotify:search:Mad World Gary Jules"
  },
  {
    "date" : "2019-01-25",
    "platform" : "ANDROID",
    "country" : "BR",
    "terminationReason" : "INTERACTION",
    "msDuration" : 10372,
    "typedQuery" : "mad world gary jules",
    "selectedQuery" : "mad world gary jules",
    "userIntent" : "context-menu",
    "viewUri" : "spotify:search:mad%20world%20gary%20jules"
  },
  {
    "date" : "2019-01-25",
    "platform" : "DESKTOP",
    "country" : "BR",
    "terminationReason" : "INTERACTION",
    "msDuration" : 0,
    "typedQuery" : null,
    "selectedQuery" : "Mad World Gary Jules",
    "userIntent" : "context-menu",
    "viewUri" : "spotify:search:Mad World Gary Jules"
  },
  {
    "date" : "2019-01-25",
    "platform" : "DESKTOP",
    "country" : "BR",
    "terminationReason" : "INTERACTION",
    "msDuration" : 0,
    "typedQuery" : null,
    "selectedQuery" : "Mad World Gary Jules",
    "userIntent" : "context-menu",
    "viewUri" : "spotify:search:Mad World Gary Jules"
  },
  {
    "date" : "2019-01-26",
    "platform" : "ANDROID",
    "country" : "BR",
    "terminationReason" : "INTERACTION",
    "msDuration" : 4298,
    "typedQuery" : "outkast",
    "selectedQuery" : "outkast",
    "userIntent" : "context-menu",
    "viewUri" : "spotify:search:outkast"
  },
  {
    "date" : "2019-01-26",
    "platform" : "ANDROID",
    "country" : "BR",
    "terminationReason" : "LEAVE",
    "msDuration" : 0,
    "typedQuery" : null,
    "selectedQuery" : null,
    "userIntent" : "nav-back-hardware-back-button",
    "viewUri" : "spotify:search"
  },
  {
    "date" : "2019-01-26",
    "platform" : "ANDROID",
    "country" : "BR",
    "terminationReason" : "INTERACTION",
    "msDuration" : 6182,
    "typedQuery" : "system of a down toxi",
    "selectedQuery" : "system of a down toxi",
    "userIntent" : "context-menu",
    "viewUri" : "spotify:search:system%20of%20a%20down%20toxi"
  },
  {
    "date" : "2019-01-28",
    "platform" : "ANDROID",
    "country" : "BR",
    "terminationReason" : "LEAVE",
    "msDuration" : 0,
    "typedQuery" : null,
    "selectedQuery" : null,
    "userIntent" : "nav-back-hardware-back-button",
    "viewUri" : "spotify:search"
  },
  {
    "date" : "2019-01-28",
    "platform" : "ANDROID",
    "country" : "BR",
    "terminationReason" : "INTERACTION",
    "msDuration" : 14319,
    "typedQuery" : "morrissey my love life",
    "selectedQuery" : "morrissey my love life",
    "userIntent" : "context-menu",
    "viewUri" : "spotify:search:morrissey%20my%20love%20life"
  },
  {
    "date" : "2019-01-29",
    "platform" : "ANDROID",
    "country" : "BR",
    "terminationReason" : "INTERACTION",
    "msDuration" : 0,
    "typedQuery" : null,
    "selectedQuery" : "system of a down lonely ",
    "userIntent" : "context-menu",
    "viewUri" : "spotify:search:system%20of%20a%20down%20lonely%20"
  },
  {
    "date" : "2019-01-29",
    "platform" : "ANDROID",
    "country" : "BR",
    "terminationReason" : "INTERACTION",
    "msDuration" : 7419,
    "typedQuery" : "tame impala new pers",
    "selectedQuery" : "tame impala new pers",
    "userIntent" : "context-menu",
    "viewUri" : "spotify:search:tame%20impala%20new%20pers"
  },
  {
    "date" : "2019-01-29",
    "platform" : "ANDROID",
    "country" : "BR",
    "terminationReason" : "INTERACTION",
    "msDuration" : 13398,
    "typedQuery" : "system of a down lonely ",
    "selectedQuery" : "system of a down lonely ",
    "userIntent" : "context-menu",
    "viewUri" : "spotify:search:system%20of%20a%20down%20lonely%20"
  },
  {
    "date" : "2019-01-29",
    "platform" : "ANDROID",
    "country" : "BR",
    "terminationReason" : "INTERACTION",
    "msDuration" : 0,
    "typedQuery" : null,
    "selectedQuery" : "tame impala new pers",
    "userIntent" : "context-menu",
    "viewUri" : "spotify:search:tame%20impala%20new%20pers"
  },
  {
    "date" : "2019-01-29",
    "platform" : "ANDROID",
    "country" : "BR",
    "terminationReason" : "LEAVE",
    "msDuration" : 0,
    "typedQuery" : null,
    "selectedQuery" : null,
    "userIntent" : "nav-back-hardware-back-button",
    "viewUri" : "spotify:search"
  },
  {
    "date" : "2019-01-31",
    "platform" : "ANDROID",
    "country" : "BR",
    "terminationReason" : "INTERACTION",
    "msDuration" : 9746,
    "typedQuery" : "anavitoria ai amor",
    "selectedQuery" : "anavitoria ai amor",
    "userIntent" : "context-menu",
    "viewUri" : "spotify:search:anavitoria%20ai%20amor"
  },
  {
    "date" : "2019-02-02",
    "platform" : "ANDROID",
    "country" : "BR",
    "terminationReason" : "INTERACTION",
    "msDuration" : 0,
    "typedQuery" : null,
    "selectedQuery" : "beneath my wings sonata arctica ",
    "userIntent" : "play",
    "viewUri" : "spotify:search:beneath%20my%20wings%20sonata%20arctica%20"
  },
  {
    "date" : "2019-02-02",
    "platform" : "ANDROID",
    "country" : "BR",
    "terminationReason" : "INTERACTION",
    "msDuration" : 2004,
    "typedQuery" : "the smoths",
    "selectedQuery" : "the smoths",
    "userIntent" : "navigate-forward",
    "viewUri" : "spotify:search:the%20smoths"
  },
  {
    "date" : "2019-02-02",
    "platform" : "ANDROID",
    "country" : "BR",
    "terminationReason" : "INTERACTION",
    "msDuration" : 11183,
    "typedQuery" : "timberland can",
    "selectedQuery" : "timberland can",
    "userIntent" : "play",
    "viewUri" : "spotify:search:timberland%20can"
  },
  {
    "date" : "2019-02-02",
    "platform" : "ANDROID",
    "country" : "BR",
    "terminationReason" : "INTERACTION",
    "msDuration" : 3284,
    "typedQuery" : "everyd",
    "selectedQuery" : "everyd",
    "userIntent" : "play",
    "viewUri" : "spotify:search:everyd"
  },
  {
    "date" : "2019-02-02",
    "platform" : "ANDROID",
    "country" : "BR",
    "terminationReason" : "INTERACTION",
    "msDuration" : 2238,
    "typedQuery" : "beneath my wings sonata arctica ",
    "selectedQuery" : "beneath my wings sonata arctica ",
    "userIntent" : "context-menu",
    "viewUri" : "spotify:search:beneath%20my%20wings%20sonata%20arctica%20"
  },
  {
    "date" : "2019-02-02",
    "platform" : "ANDROID",
    "country" : "BR",
    "terminationReason" : "LEAVE",
    "msDuration" : 0,
    "typedQuery" : null,
    "selectedQuery" : null,
    "userIntent" : "nav-back-hardware-back-button",
    "viewUri" : "spotify:search"
  },
  {
    "date" : "2019-02-02",
    "platform" : "ANDROID",
    "country" : "BR",
    "terminationReason" : "LEAVE",
    "msDuration" : 0,
    "typedQuery" : null,
    "selectedQuery" : null,
    "userIntent" : "nav-back-hardware-back-button",
    "viewUri" : "spotify:search"
  },
  {
    "date" : "2019-02-02",
    "platform" : "ANDROID",
    "country" : "BR",
    "terminationReason" : "LEAVE",
    "msDuration" : 0,
    "typedQuery" : null,
    "selectedQuery" : null,
    "userIntent" : "nav-back-hardware-back-button",
    "viewUri" : "spotify:search"
  },
  {
    "date" : "2019-02-03",
    "platform" : "ANDROID",
    "country" : "BR",
    "terminationReason" : "INTERACTION",
    "msDuration" : 2628,
    "typedQuery" : "the smiths i never had no one ever",
    "selectedQuery" : "the smiths i never had no one ever",
    "userIntent" : "context-menu",
    "viewUri" : "spotify:search:the%20smiths%20i%20never%20had%20no%20one%20ever"
  },
  {
    "date" : "2019-02-03",
    "platform" : "DESKTOP",
    "country" : "BR",
    "terminationReason" : "INTERACTION",
    "msDuration" : 0,
    "typedQuery" : null,
    "selectedQuery" : "the smiths never had no one ever",
    "userIntent" : "play",
    "viewUri" : "spotify:search:the smiths never had no one ever"
  },
  {
    "date" : "2019-02-03",
    "platform" : "DESKTOP",
    "country" : "BR",
    "terminationReason" : "INTERACTION",
    "msDuration" : 0,
    "typedQuery" : null,
    "selectedQuery" : "engenheiros do hawaii pose",
    "userIntent" : "navigate-forward",
    "viewUri" : "spotify:search:engenheiros do hawaii pose"
  },
  {
    "date" : "2019-02-03",
    "platform" : "ANDROID",
    "country" : "BR",
    "terminationReason" : "INTERACTION",
    "msDuration" : 0,
    "typedQuery" : null,
    "selectedQuery" : "the smiths i never had no one ever",
    "userIntent" : "play",
    "viewUri" : "spotify:search:the%20smiths%20i%20never%20had%20no%20one%20ever"
  },
  {
    "date" : "2019-02-03",
    "platform" : "DESKTOP",
    "country" : "BR",
    "terminationReason" : "INTERACTION",
    "msDuration" : 0,
    "typedQuery" : null,
    "selectedQuery" : "the smiths never h",
    "userIntent" : "play",
    "viewUri" : "spotify:search:the smiths never h"
  },
  {
    "date" : "2019-02-03",
    "platform" : "DESKTOP",
    "country" : "BR",
    "terminationReason" : "INTERACTION",
    "msDuration" : 0,
    "typedQuery" : null,
    "selectedQuery" : "the smiths ",
    "userIntent" : "navigate-forward",
    "viewUri" : "spotify:search:the smiths "
  },
  {
    "date" : "2019-02-05",
    "platform" : "DESKTOP",
    "country" : "BR",
    "terminationReason" : "INTERACTION",
    "msDuration" : 0,
    "typedQuery" : null,
    "selectedQuery" : "morrissey my love life",
    "userIntent" : "navigate-forward",
    "viewUri" : "spotify:search:morrissey my love life"
  }
]